label,n,t_stat,t_p,wilcoxon_stat,wilcoxon_p,diff_mean
Hybrid vs Transformer-only (accuracy),5,20.785517454445497,3.1654535776313105e-05,0.0,0.0625,0.12969696969696964
Hybrid vs Transformer-only (macro_f1),5,26.26545217791803,1.2486090844820345e-05,0.0,0.0625,0.1163822720379063
Hybrid vs LightGBM-only (accuracy),5,16.225573357180032,8.441756965523699e-05,0.0,0.0625,0.11212121212121196
Hybrid vs LightGBM-only (macro_f1),5,8.577811543673711,0.0010145785033904519,0.0,0.0625,0.12704996075422026
